{"cameraMode":{"drawMode":0,"name":"Shaded","section":"Shading Mode"},"sceneLighting":true,"audioPlay":false,"sceneViewState":{"showFog":true,"showMaterialUpdate":false,"showSkybox":true,"showFlares":true,"showImageEffects":true,"showParticleSystems":true},"in2DMode":false,"pivot":{"x":-0.000006198883056640625,"y":3.203749656677246e-7,"z":-5.066394805908203e-7},"rotation":{"x":0.05295495688915253,"y":0.9465030431747437,"z":-0.2079920619726181,"w":0.24097704887390138},"size":815.0416259765625,"orthographic":false}